Nodes,Dijkstra,BMSSP,Mistakes
1000,1470005,6323065,0
2000,2116855,11406730,0
3000,2486485,13638535,0
4000,3110075,18271400,0
5000,5122810,26719520,0
6000,4946690,26474775,0
7000,5768655,30669340,0
8000,6059560,36598685,0
9000,7594640,44292895,0
10000,8253605,44580820,0
11000,8413475,52570050,0
12000,9773250,50207640,0
13000,10474675,54834020,0
14000,11977125,61220475,0
15000,11656640,62521820,0
16000,12676460,63622330,0
17000,13363500,68975185,0
18000,14082405,73496340,0
19000,15049650,74681765,0
20000,13823925,75711140,0
21000,15123090,80629450,0
22000,14929055,78836455,0
23000,17041355,86657515,0
24000,17278155,88058495,0
25000,18561550,90389345,0
26000,19603755,96428570,0
27000,19108025,106340140,0
28000,19526825,100095625,0
29000,19334400,111876545,0
30000,20307560,113543190,0
31000,20691590,118459570,0
32000,20093035,113051855,0
33000,22571190,119451375,0
34000,22327065,129658060,0
35000,24060635,134886440,0
36000,25562875,128839410,0
37000,24828020,134427900,0
38000,26388930,138781030,0
39000,27066225,139867090,0
40000,27063270,150655785,0
41000,29694145,146379325,0
42000,31071425,151209950,0
43000,31139690,163286370,0
44000,31126585,161428160,0
45000,30308505,161475635,0
46000,30710525,169266715,0
47000,33490200,166847665,0
48000,34689965,181120230,0
49000,36111820,185282610,0
50000,38318560,189231880,0
51000,40160560,200476335,0
52000,42612000,217383090,0
53000,42153840,199903715,0
54000,52459410,220374195,0
55000,48238780,219223540,0
56000,48635400,239157155,0
57000,47506480,241553170,0
58000,43737975,243026715,0
59000,46629410,238062770,0
60000,49652085,227582155,0
61000,52174385,231584240,0
62000,52089110,231187585,0
63000,56686885,265871315,0
64000,57861125,256822490,0
65000,57891480,273973545,0
66000,57754225,257819555,0
67000,60393375,291635540,0
68000,61009095,260489535,0
69000,60379710,282392420,0
70000,65560670,276566340,0
71000,63259420,295804440,0
72000,65531575,294431050,0
73000,64397290,299304195,0
74000,71133320,305408650,0
75000,67009945,291692135,0
76000,67469765,308126650,0
77000,67974450,309060880,0
78000,77205640,320805780,0
79000,72411375,320058570,0
80000,69382525,315710265,0
81000,71125005,301262030,0
82000,77090565,334108580,0
83000,73847000,335334025,0
84000,79847080,321018535,0
85000,82046095,344845605,0
86000,83537485,329935010,0
87000,79930465,338748295,0
88000,82678585,348991310,0
89000,83546555,358144655,0
90000,81046470,340266925,0
91000,91231835,348184290,0
92000,87028580,347066910,0
93000,84421955,380854300,0
94000,86824545,347020005,0
95000,95020270,404782300,0
96000,87065780,368300115,0
97000,90126515,398016425,0
98000,88029690,351715410,0
99000,88589315,352112680,0
100000,91005285,379588975,0
101000,90739845,378463740,0
102000,103569070,431483815,0
103000,106742855,415826515,0
104000,115230170,404823645,0
105000,108823130,424991195,0
106000,100743110,407560540,0
107000,120351710,539365925,0
108000,114908915,472872040,0
109000,110703100,442356925,0
110000,115786370,416012235,0
111000,117137090,465581870,0
112000,113509105,464384295,0
113000,132452555,500917945,0
114000,112295960,461357330,0
115000,122859555,479888425,0
116000,127387065,517446505,0
117000,134641860,520287680,0
118000,134842955,576442910,0
119000,144772925,511725415,0
120000,133070350,507736895,0
121000,120453620,497154225,0
122000,124654775,464264095,0
123000,127980970,473366080,0
124000,119819125,473658665,0
125000,133726650,492228045,0
126000,128261665,491967490,0
127000,130605595,514007875,0
128000,133610300,504803245,0
129000,136347950,526128075,0
130000,128963415,522030385,0
131000,139846165,568442285,0
132000,135997500,567503560,0
133000,140407925,525844935,0
134000,155006800,599371605,0
135000,138058505,532458550,0
136000,140884820,538004730,0
137000,150010310,581955410,0
138000,155062175,599276340,0
139000,139824550,548069800,0
140000,157503910,555323545,0
141000,148307810,529270915,0
142000,134974980,505527585,0
143000,161611370,591968545,0
144000,148112515,586632555,0
145000,159421585,633536725,0
146000,151236745,540520035,0
147000,170315450,691955975,0
148000,151499080,582194365,0
149000,168019865,591546295,0
150000,164798495,616234165,0
151000,167271355,611556895,0
152000,155934205,604089750,0
153000,150134555,560699945,0
154000,156203850,577928210,0
155000,163013120,573101205,0
156000,163585150,564765585,0
157000,170564475,597624845,0
158000,166093840,630071365,0
159000,194489615,702216970,0
160000,168256470,674250365,0
161000,183067235,648696740,0
162000,184284165,672855975,0
163000,184411300,726526760,0
164000,188295795,737365560,0
165000,191449690,711616490,0
166000,183779170,661478150,0
167000,185781835,724971600,0
168000,207960920,860777185,0
169000,191303650,750579240,0
170000,181473320,687701395,0
171000,184456105,728460440,0
172000,185879650,698907860,0
173000,181775240,713976750,0
174000,192702630,712634225,0
175000,191426395,681853405,0
176000,186507050,693283095,0
177000,189454570,742870800,0
178000,201444880,731233360,0
179000,199342600,741376000,0
180000,216757820,786878250,0
181000,184994220,705760325,0
182000,188636455,721579780,0
183000,192892125,667514000,0
184000,199851055,728062710,0
185000,198673255,770262885,0
186000,205932125,687536920,0
187000,198339830,697603810,0
188000,199293100,811563685,0
189000,228677770,861414390,0
190000,217056115,871342620,0
191000,220507830,783571525,0
192000,215003015,801265505,0
193000,225807545,822575725,0
194000,222903380,868145805,0
195000,236349635,833709510,0
196000,204122730,721448865,0
197000,222977170,814556920,0
198000,234349675,805294805,0
199000,236876360,875142710,0
200000,236520040,955499720,0
201000,257618755,857701120,0
202000,241773970,875904395,0
203000,248828960,869239405,0
204000,249943710,891323250,0
205000,248222945,919924575,0
206000,271107930,928226005,0
207000,267764425,942298755,0
208000,242616155,872389150,0
209000,232153125,876836355,0
210000,276481165,958656885,0
211000,253662565,875014920,0
212000,247094160,899420130,0
213000,244014000,863651535,0
214000,236618200,899647180,0
215000,244565285,911192350,0
216000,245366810,860601490,0
217000,242804525,913954140,0
218000,243899495,864962030,0
219000,249390765,935535425,0
220000,246337870,924830880,0
221000,251984700,844669670,0
222000,291353750,989283415,0
223000,278643480,975390160,0
224000,289112785,1059966995,0
225000,268262195,1027673385,0
226000,286223110,947564060,0
227000,279005570,956339105,0
228000,265728380,932904540,0
229000,273859330,1012053450,0
230000,288172765,1038294575,0
231000,287572450,1003602980,0
232000,282914085,1020546465,0
233000,268748955,939545645,0
234000,283471755,1011256030,0
235000,299836730,992019200,0
236000,294634780,1092447085,0
237000,297750055,1009251220,0
238000,300688510,1058216485,0
239000,293663800,1024949895,0
240000,314111710,1154133925,0
241000,321348980,1205423680,0
242000,289728880,1021243095,0
243000,310232575,1097574920,0
244000,297230715,1030900565,0
245000,287751975,1087245870,0
246000,300632995,1132541460,0
247000,319655540,1029798165,0
248000,301006590,1099135155,0
249000,300166360,1137848850,0
250000,305757785,1131168625,0
251000,326611140,1054540375,0
252000,315769045,1066017635,0
253000,324404480,1134116690,0
254000,304771115,1099921085,0
255000,317412865,1051695610,0
256000,330197570,1082346855,0
257000,313474210,1059314615,0
258000,312214325,1149244735,0
259000,322342250,1098345730,0
260000,335037705,1161297190,0
261000,347815060,1280714765,0
262000,331523725,1235088360,0
263000,336505650,1280600570,0
264000,367321435,1346879595,0
265000,334752920,1393907115,0
266000,358813785,1357792820,0
267000,311134630,1233123620,0
268000,318647140,1311235185,0
269000,316723760,1221794230,0
270000,325359595,1235295735,0
271000,324745145,1227914250,0
272000,318288105,1356896760,0
273000,328904235,1341876640,0
274000,363953860,1381770645,0
275000,341150520,1402725175,0
276000,330797490,1404641615,0
277000,327313345,1358408675,0
278000,344194210,1391639530,0
279000,336361165,1301772340,0
280000,324517125,1270955375,0
281000,347021760,1258831220,0
282000,330197050,1436104690,0
283000,345794910,1294814775,0
284000,337830950,1409293215,0
285000,337837810,1287024685,0
286000,334527850,1308802715,0
287000,336603640,1315707915,0
288000,334079785,1327654260,0
289000,334061705,1423307100,0
290000,330143885,1341275140,0
291000,340947530,1448342555,0
292000,347030850,1419842070,0
293000,340478300,1361107010,0
294000,344333110,1472482000,0
295000,344658860,1350380815,0
296000,367586695,1374066440,0
297000,344376415,1363178515,0
298000,344007690,1371908500,0
299000,355564880,1367219655,0
300000,388085710,1370329710,0
301000,364962015,1488900610,0
302000,354035095,1396911015,0
303000,353814515,1418748800,0
304000,358358870,1404454360,0
305000,365374785,1544757730,0
306000,387635680,1400787175,0
307000,365409385,1579297395,0
308000,381389405,1423337335,0
309000,365358120,1544775660,0
310000,379881085,1424146395,0
311000,370857930,1555073175,0
312000,374456925,1432213645,0
313000,357917355,1476006535,0
314000,363074310,1575954115,0
315000,377990815,1469200085,0
316000,378825515,1486084925,0
317000,404189525,1465558210,0
318000,377507795,1444679450,0
319000,384914940,1606539015,0
320000,385848760,1525012065,0
321000,386400150,1500625825,0
322000,388884940,1497157390,0
323000,392443635,1500486950,0
324000,387986070,1487344010,0
325000,398775190,1472911965,0
326000,387016000,1592598340,0
327000,404589525,1624772355,0
328000,391233140,1530592945,0
329000,401655805,1668327240,0
330000,409153220,1588952440,0
331000,401644285,1668440780,0
332000,403861325,1550777720,0
333000,403773590,1534432935,0
334000,432987040,1687354250,0
335000,459421950,1892044575,0
336000,442708490,1723384840,0
337000,439007945,1653924090,0
338000,459230945,1773279975,0
339000,473219125,1857031040,0
340000,466753870,1699273840,0
341000,499000885,1969257285,0
342000,496032045,2016153860,0
343000,463026575,1659529405,0
344000,445338990,1566717105,0
345000,405161275,1603382730,0
346000,440001075,1642615505,0
347000,438155760,1848963480,0
348000,473632140,1694817985,0
349000,457372840,1737313640,0
350000,505352545,1833466495,0
351000,487266105,1901803650,0
352000,503110390,2085987375,0
353000,465676770,1985744320,0
354000,476012400,1852584210,0
355000,484847485,1923594075,0
356000,474283695,1814903875,0
357000,477762955,1764262060,0
358000,495225825,1946795560,0
359000,485040550,2024495405,0
360000,465837515,1723791830,0
361000,454931455,1857593540,0
362000,496496930,1838016645,0
363000,499992755,1999453395,0
364000,524230210,1936003290,0
365000,485782190,1875485405,0
366000,534038580,1889515085,0
367000,517925165,1900049595,0
368000,487053825,1858034235,0
369000,503042350,1833014600,0
370000,476318875,1779111895,0
371000,488745500,1818772695,0
372000,506941335,2002549725,0
373000,486248590,1844890845,0
374000,522482600,2189786905,0
375000,526747505,2086222095,0
376000,506653455,2101859210,0
377000,488602320,1870854025,0
378000,520156885,2253596275,0
379000,529205845,2128429955,0
380000,506700700,2115713405,0
381000,510409930,1998898905,0
382000,467571030,1926980760,0
383000,479063880,1910554830,0
384000,480053655,1839882135,0
385000,508802770,1977437840,0
386000,556459235,2064634305,0
387000,538316880,2168720460,0
388000,521931470,2025609180,0
389000,532130895,2218642190,0
390000,545878215,2049476405,0
391000,527664425,2008112860,0
392000,501496815,1883975325,0
393000,493080230,2062983410,0
394000,515368820,1928228920,0
395000,548939890,2057051455,0
396000,561811725,2053096155,0
397000,569681035,2045387995,0
398000,552571550,2335112205,0
399000,520763315,2106828250,0
400000,590685545,2106557000,0
401000,558019150,2367872135,0
402000,559300690,2140302555,0
403000,582274700,2080520225,0
404000,582773855,2339913560,0
405000,540671410,2295863235,0
406000,526298615,2126606570,0
407000,548522375,1997138600,0
408000,536407755,1975466475,0
409000,529796770,2054397110,0
410000,553094380,1981068495,0
411000,566959900,2329076405,0
412000,593416705,2208997190,0
413000,608276280,2154310735,0
414000,537891095,2031036485,0
415000,568240980,2283779200,0
416000,545325210,2255372795,0
417000,557583890,2083335535,0
418000,598403570,2183603110,0
419000,604333155,2271437215,0
420000,577738015,2188359345,0
421000,546500510,2005995995,0
422000,563540415,2088504440,0
423000,569859515,2129329055,0
424000,564291395,2185908490,0
425000,548464220,2062631495,0
426000,562880815,2053127890,0
427000,567503590,2265392360,0
428000,571013375,2106538845,0
429000,589881430,2101609955,0
430000,579744535,2211291985,0
431000,601858060,2395831555,0
432000,590466475,2231183365,0
433000,574600140,2176152680,0
434000,580735800,2071079500,0
435000,554314135,2293277395,0
436000,607814600,2164528880,0
437000,609758570,2157032450,0
438000,600974930,2135327830,0
439000,584798530,2169482890,0
440000,592473415,2189633810,0
441000,647634945,2408308215,0
442000,587040120,2273846025,0
443000,581820045,2202625920,0
444000,634055170,2292773365,0
445000,592437090,2258312950,0
446000,619300630,2281677595,0
447000,630091355,2419736845,0
448000,607718710,2302941730,0
449000,587817405,2413535945,0
450000,664931070,2482916485,0
451000,634272130,2559068455,0
452000,611541200,2560356545,0
453000,627041380,2374956685,0
454000,653451500,2438918085,0
455000,666386095,2523701715,0
456000,618945655,2263704500,0
457000,600711670,2315587275,0
458000,651570415,2495168360,0
459000,637612840,2381042670,0
460000,609049455,2436333460,0
461000,620314690,2264174310,0
462000,653176360,2471880360,0
463000,653663500,2674873410,0
464000,686355595,2601690990,0
465000,634046995,2298706200,0
466000,664680670,2436015950,0
467000,654495575,2421030845,0
468000,631569685,2286978490,0
469000,632548120,2322937750,0
470000,706300145,2577060535,0
471000,716587240,2637360235,0
472000,679990340,2545017445,0
473000,703639480,2605521630,0
474000,691968590,2691883990,0
475000,627713555,2447660995,0
476000,644342315,2550735810,0
477000,648734890,2539413240,0
478000,666468340,2474624740,0
479000,674742015,2632131075,0
480000,674161990,2569365455,0
481000,726515230,2549730475,0
482000,691402030,2881876910,0
483000,714399240,2595755625,0
484000,703932970,2609413355,0
485000,681268060,2677593490,0
486000,661280270,2422741035,0
487000,656856365,2425098310,0
488000,701106335,2650310470,0
489000,755627335,2832686770,0
490000,727796540,2626117265,0
491000,722852995,2571694735,0
492000,693887000,2586841345,0
493000,686825790,2624363240,0
494000,715813115,2626066220,0
495000,680947655,2514954775,0
496000,647899860,2638020455,0
497000,673537310,2467001190,0
498000,676635340,2439043320,0
499000,672774420,2430035875,0
500000,674065270,2716989055,0
501000,692769075,2622761290,0
502000,709999445,2495220220,0
503000,704919785,2470814840,0
504000,731658060,2687235925,0
505000,739827955,2912871730,0
506000,738011515,2654900235,0
507000,744209190,2669977450,0
508000,767209740,2671114255,0
509000,707052845,2637643260,0
510000,747631710,2654583610,0
511000,739014405,2628577650,0
512000,741976245,2767588205,0
513000,702888010,2794656710,0
514000,701132300,2573264370,0
515000,747763655,2594170955,0
516000,753733355,3100691445,0
517000,794369660,2856410560,0
518000,763884340,3149842555,0
519000,751695820,2845518215,0
520000,808385985,2889195150,0
521000,797475250,2888582260,0
522000,771401830,2811106820,0
523000,826749210,2994320895,0
524000,772658385,2858345340,0
525000,798672850,2813941280,0
526000,787178670,3118850530,0
527000,733215445,2691396450,0
528000,752844815,2983448250,0
529000,731473370,2790312655,0
530000,790989550,2953632385,0
531000,792023445,2863288800,0
532000,833706925,2854282540,0
533000,770950515,2852556330,0
534000,800171400,2945669340,0
535000,801865595,3096273970,0
536000,775031090,2920214850,0
537000,798693600,3088077945,0
538000,787088710,3046300235,0
539000,778810660,2854106070,0
540000,813371685,2934547550,0
541000,739001650,2756123225,0
542000,809755760,2779881310,0
543000,852900770,2943864620,0
544000,842219130,3192595505,0
545000,826688965,2962727450,0
546000,811734545,2740815895,0
547000,771991345,3031192635,0
548000,817850980,2935701525,0
549000,867582005,2835093750,0
550000,819148245,3233551305,0
551000,839982305,3041438285,0
552000,827274795,2974374805,0
553000,815038200,2941940015,0
554000,776657020,2935138840,0
555000,780283545,2791871820,0
556000,843017325,3087416995,0
557000,857885665,3057631890,0
558000,872647285,3102848915,0
559000,889023465,3139288495,0
560000,850006315,3080230035,0
561000,841571265,3339132595,0
562000,812758925,2774512995,0
563000,808826315,2880819840,0
564000,935208920,3233714450,0
565000,837647020,3017307580,0
566000,779809335,2894169350,0
567000,830131265,3066800455,0
568000,924017420,3419405980,0
569000,866767550,3230605980,0
570000,882664395,3170852470,0
571000,892127800,3256874935,0
572000,859120055,3447692370,0
573000,880419720,3000018115,0
574000,879852050,3273490125,0
575000,872050355,3678078215,0
576000,873380120,3165227270,0
577000,823160760,2889177455,0
578000,802219885,2929772915,0
579000,841872240,3003055710,0
580000,937902160,3430261475,0
581000,984445110,3595805845,0
582000,900907735,3303369235,0
583000,881923995,3133164805,0
584000,879846375,3191386590,0
585000,902724455,3319339190,0
586000,944885800,3714725065,0
587000,1002628380,3617942570,0
588000,901830480,3240604035,0
589000,920486440,3526851855,0
590000,924372770,3596497465,0
591000,934000830,3485085935,0
592000,885860270,3317745590,0
593000,964942160,3529736485,0
594000,899300450,2973855830,0
595000,864234175,2943598840,0
596000,815006065,3005339280,0
597000,838924290,2948771615,0
598000,843465550,3113973915,0
599000,824554750,3167605395,0
600000,872070290,3068836425,0
601000,955631915,3166888775,0
602000,899183585,3077015585,0
603000,852157060,3011210535,0
604000,815434770,2994607075,0
605000,824727935,3028697255,0
606000,875473270,3080658045,0
607000,874301635,3056328065,0
608000,895745775,3368490770,0
609000,933065495,3255216280,0
610000,936163655,3300926070,0
611000,938775285,3275226330,0
612000,926381845,3360146645,0
613000,921947850,3464541525,0
614000,909138345,3465360025,0
615000,900625785,3222544610,0
616000,889533755,3109397575,0
617000,895789620,3378942220,0
618000,948692010,3612134660,0
619000,937347125,3274571915,0
620000,880879360,3125893645,0
621000,890506620,3091530480,0
622000,885341860,3363535250,0
623000,861683115,3144429680,0
624000,917141890,3209545550,0
625000,923552720,3088874050,0
626000,896347985,3279850395,0
627000,904937150,3109898590,0
628000,868056445,3241425305,0
629000,914112225,3318109385,0
630000,939028330,3385374535,0
631000,1020171120,3880526515,0
632000,894771390,3142027805,0
633000,940361580,3364950495,0
634000,913676450,3177918525,0
635000,911669275,3245860795,0
636000,896566285,3147624300,0
637000,924008530,3219274200,0
638000,885240205,3455673645,0
639000,933836140,3217289605,0
640000,950436600,3180371445,0
641000,894335995,3199594970,0
642000,930953655,3401442020,0
643000,926507625,3114557290,0
644000,949853925,3432270380,0
645000,972086025,3195961080,0
646000,935903560,3189986610,0
647000,934966485,3191349445,0
648000,916748325,3274930645,0
649000,923406175,3523563125,0
650000,946697240,3216663865,0
651000,929240860,3196411120,0
652000,938355325,3775942055,0
653000,934475635,3208037500,0
654000,926350595,3222458820,0
655000,909952485,3288868280,0
656000,902708355,3156013680,0
657000,965818830,3193138450,0
658000,928409840,3183555295,0
659000,965842125,3120515420,0
660000,911489820,3181699455,0
661000,970848420,3190288105,0
662000,928621035,3188903670,0
663000,939516195,3197426600,0
664000,926477320,3434662540,0
665000,945200040,3322496055,0
666000,931313375,3281478490,0
667000,948100575,3401073735,0
668000,949916870,3254828105,0
669000,965473265,3300225205,0
670000,915111615,3531195345,0
671000,1002591780,3249053135,0
672000,953270980,3547207060,0
673000,969139255,3438577130,0
674000,1007238290,3179616785,0
675000,928289895,3465302015,0
676000,954071130,3254072925,0
677000,967464850,3329437280,0
678000,957071815,3313524325,0
679000,1014772620,3336205355,0
680000,985215095,3467011165,0
681000,1025541845,3452423935,0
682000,959171960,3511687075,0
683000,964462740,3287694465,0
684000,993108110,3402932080,0
685000,979855085,3369923470,0
686000,970818550,3604790760,0
687000,989836395,3268476475,0
688000,1001691590,3451239760,0
689000,1043276520,3363048175,0
690000,1061724475,3500388565,0
691000,952190200,3638735755,0
692000,1002626220,3487519500,0
693000,994148720,3423607505,0
694000,1007176410,3404220205,0
695000,1001855690,3616392800,0
696000,985952030,3500624265,0
697000,1015084855,3330530700,0
698000,981519075,3603206580,0
699000,965581605,3438466345,0
700000,1021340430,3618911680,0
701000,1040867855,3658715690,0
702000,1011379545,3355791180,0
703000,1031135215,3725989990,0
704000,1000318645,3418071995,0
705000,1028582220,3616601050,0
706000,1041796915,3416416860,0
707000,1004600450,3351576235,0
708000,980604655,3631789300,0
709000,1019271200,3567487245,0
710000,978279005,3428267950,0
711000,1038461645,3443027820,0
712000,1024451075,3484276130,0
713000,1026446675,3441249930,0
714000,1094813290,3599593725,0
715000,1030862950,3417051950,0
716000,1033880655,3667290830,0
717000,987905175,3571479535,0
718000,1028918375,3615477745,0
719000,1040714360,3448310605,0
720000,1061607250,3453922000,0
721000,1036836235,3442123300,0
722000,1070109515,3529670140,0
723000,1006503720,3467638545,0
724000,1055547635,3530845910,0
725000,1074900975,3589547650,0
726000,1072721590,3474431145,0
727000,1062136950,3538755220,0
728000,1030266225,3396071465,0
729000,1053343420,3487703145,0
730000,1077931710,3550469215,0
731000,1078508860,3750634825,0
732000,1054671545,3770928945,0
733000,1053902020,3616872885,0
734000,1084409275,3711564380,0
735000,1048344975,3657965710,0
736000,1047679705,3543937270,0
737000,1109115515,3852648355,0
738000,1061178160,3859481165,0
739000,1078280445,3667817310,0
740000,1087771630,3583732340,0
741000,1070631675,3577684835,0
742000,1071061000,3620121365,0
743000,1065719250,3551159840,0
744000,1078142565,3695124220,0
745000,1091680490,3678186100,0
746000,1077081395,3597977060,0
747000,1110473815,3861066240,0
748000,1101608185,3612874950,0
749000,1069035810,3731199515,0
750000,1094608460,3707948150,0
751000,1074815590,3655289420,0
752000,1090647270,3926075520,0
753000,1091673420,3803145325,0
754000,1081929040,3712899610,0
755000,1152852025,3690495175,0
756000,1119393365,3655668095,0
757000,1160011925,3729604475,0
758000,1081670240,3752170260,0
759000,1094812915,3703234020,0
760000,1077131860,3639820340,0
761000,1132728975,4033582315,0
762000,1087493785,3664876185,0
763000,1090008950,3905519305,0
764000,1084774065,3678083930,0
765000,1124806340,3631166715,0
766000,1126624725,3715169365,0
767000,1141611290,3796655625,0
768000,1124760400,3695420015,0
769000,1140119840,3612179870,0
770000,1133770635,4035438675,0
771000,1129314790,3855494820,0
772000,1114869265,3669844000,0
773000,1144076935,3745730300,0
774000,1131844550,3795011915,0
775000,1116051145,3743477785,0
776000,1159884590,3817729305,0
777000,1122523700,3805233015,0
778000,1127891075,3848184205,0
779000,1187143195,4035150835,0
780000,1172932810,3789091650,0
781000,1129269445,3974112315,0
782000,1149074605,3853950995,0
783000,1175913000,3857926190,0
784000,1172603560,3921891080,0
785000,1121192380,3768948875,0
786000,1157596410,3762049185,0
787000,1139385430,3919464075,0
788000,1170297555,3858030890,0
789000,1181880235,3847278815,0
790000,1196021825,3887376255,0
791000,1190749390,3915649540,0
792000,1191079585,3873124445,0
793000,1217167040,3908966585,0
794000,1204572915,4150436980,0
795000,1193000975,3829842825,0
796000,1243121725,3859277825,0
797000,1201404375,3884467680,0
798000,1213701745,3952071620,0
799000,1211222920,3975173630,0
800000,1215531710,4047865185,0
801000,1215297215,3905460000,0
802000,1200711475,4020320140,0
803000,1198964390,3911561085,0
804000,1214741970,4005811935,0
805000,1194302645,3929848455,0
806000,1252550035,3909666180,0
807000,1198823050,3940466405,0
808000,1223955655,4197369175,0
809000,1169196390,4062941450,0
810000,1209578085,4065027350,0
811000,1205618175,3950431910,0
812000,1240375275,3914928750,0
813000,1225519830,4200678360,0
814000,1256830705,4128385620,0
815000,1304575010,4011327405,0
816000,1233017900,3977580495,0
817000,1248719220,4060883030,0
818000,1243076065,4195450840,0
819000,1240825565,4107796080,0
820000,1208148810,4260916765,0
821000,1254129030,4014653710,0
822000,1233259855,4313350045,0
823000,1260821165,4005276965,0
824000,1230121600,4030546130,0
825000,1230811140,4305879390,0
826000,1236610065,4085868930,0
827000,1227466860,4340033805,0
828000,1236724500,4064542325,0
829000,1247877860,4007514610,0
830000,1224721845,4026953885,0
831000,1271986295,4089208445,0
832000,1254251835,4129704065,0
833000,1267977075,4118868755,0
834000,1239696295,4537153890,0
835000,1249088285,4187764305,0
836000,1273593610,4204897460,0
837000,1335268135,4361909150,0
838000,1235074405,4098400165,0
839000,1242886960,4185036660,0
840000,1289429965,4378468345,0
841000,1286944540,4181468565,0
842000,1270910190,4275225015,0
843000,1244768745,4217836585,0
844000,1246106835,4268469635,0
845000,1272797850,4215202985,0
846000,1303092810,4187853225,0
847000,1273283680,4138785755,0
848000,1258833305,4154427330,0
849000,1234807145,4445926800,0
850000,1257971195,4159156695,0
851000,1268598515,4394891040,0
852000,1302645045,4401597870,0
853000,1232081035,4248676135,0
854000,1223545245,4175736135,0
855000,1256902220,4295579210,0
856000,1249293890,4542760740,0
857000,1344400435,4265468860,0
858000,1287173625,4245182580,0
859000,1285724265,4553166655,0
860000,1323999720,4333551495,0
861000,1290674095,4241386385,0
862000,1270278690,4219775050,0
863000,1290826050,4328621790,0
864000,1311303790,4507398340,0
865000,1293193560,4347115860,0
866000,1277703700,4247367935,0
867000,1252306535,4497435885,0
868000,1267471970,4331905125,0
869000,1307009575,4378868735,0
870000,1253178225,4300677665,0
871000,1282179070,4320524475,0
872000,1286005925,4822738395,0
873000,1346994560,4716435295,0
874000,1297629355,4375436835,0
875000,1294886345,4309342395,0
876000,1284736955,4357821960,0
877000,1289642550,4343864560,0
878000,1288992395,4525664170,0
879000,1331191565,4457660965,0
880000,1297456395,4332119855,0
881000,1296794225,4399548570,0
882000,1326738325,4344659790,0
883000,1270239380,4319886030,0
884000,1324391940,4423403255,0
885000,1279173845,4411391715,0
886000,1285239350,4399098085,0
887000,1293942335,4424274735,0
888000,1313559025,4468247830,0
889000,1335415180,4377171460,0
890000,1301157905,4681217520,0
891000,1289071845,4631339970,0
892000,1316723690,4400433685,0
893000,1337674625,4469186035,0
894000,1339279375,4464624005,0
895000,1338101070,4454367340,0
896000,1448934355,4409982840,0
897000,1326957235,4534632965,0
898000,1364357350,4557517835,0
899000,1337231035,4516377205,0
900000,1339598975,4509715695,0
901000,1326309050,4472784870,0
902000,1320421720,4461241750,0
903000,1354643535,4560525435,0
904000,1320674660,4435446185,0
905000,1369028155,4471356325,0
906000,1327090915,4847533435,0
907000,1332757140,4584464625,0
908000,1422715170,4400902075,0
909000,1359211335,4546567395,0
910000,1345097150,4658241210,0
911000,1335421630,4575607705,0
912000,1358694145,4543030745,0
913000,1340299825,4617612205,0
914000,1356939765,4477371040,0
915000,1349563555,4547234880,0
916000,1380341165,4568616035,0
917000,1345893590,4909535345,0
918000,1355856230,4510372650,0
919000,1322006665,4551765945,0
920000,1378112895,4813154220,0
921000,1355854660,4589273910,0
922000,1437506485,4648371425,0
923000,1413141585,4635558475,0
924000,1357507460,4667341095,0
925000,1431460910,4558764620,0
926000,1458691280,4658768700,0
927000,1368667130,4825369030,0
928000,1374480955,4566501540,0
929000,1393872420,4945217575,0
930000,1407211355,4715390680,0
931000,1374092135,4644490625,0
932000,1393776560,4654371090,0
933000,1371723185,4635303745,0
934000,1393739780,4803060170,0
935000,1410511820,4723512310,0
936000,1388962095,4816885495,0
937000,1382600760,4815556895,0
938000,1424719745,4965417095,0
939000,1452851805,4634130885,0
940000,1485527835,4655538955,0
941000,1390945880,4684603635,0
942000,1401678585,4592959385,0
943000,1401764355,4694743790,0
944000,1399367865,4772668135,0
945000,1405674630,4774846235,0
946000,1397537675,4813078465,0
947000,1434380735,4859036790,0
948000,1467016115,4733119400,0
949000,1414186970,5003759905,0
950000,1408068590,4773897840,0
951000,1424028720,4657817160,0
952000,1385330865,4722809230,0
953000,1425225520,4799100365,0
954000,1418349535,4804937850,0
955000,1506555610,4921364040,0
956000,1455527760,4871089660,0
957000,1455204805,4889087310,0
958000,1463942275,4870438030,0
959000,1438079495,4947342385,0
960000,1449625710,4812504040,0
961000,1396509455,4956969865,0
962000,1438833335,4811122495,0
963000,1449094560,4764662945,0
964000,1450362745,4784723535,0
965000,1560391550,4836317575,0
966000,1426786300,4745020085,0
967000,1403709725,4772506220,0
968000,1426868270,4775074030,0
969000,1486080580,5186232385,0
970000,1460952930,4884123625,0
971000,1451806470,5205507315,0
972000,1550067745,5362884505,0
973000,1489912470,4952423380,0
974000,1437218005,4913717110,0
975000,1804482585,6339551170,0
976000,1467606165,5006814020,0
977000,1581081625,5052443520,0
978000,1508249020,4913106235,0
979000,1493659630,4923908475,0
980000,1480262815,4891441350,0
981000,1480641810,5010085565,0
982000,1518428530,5056810385,0
983000,1442232810,5268946005,0
984000,1463588045,5059342555,0
985000,1536444225,5317362065,0
986000,1512803540,4911713485,0
987000,1514616115,4960650895,0
988000,1552283790,4896266270,0
989000,1511174245,5106080305,0
990000,1472764600,5011082505,0
991000,1492759120,4938331275,0
992000,1495733800,4952368720,0
993000,1493602205,4953944405,0
994000,1560253735,5012065595,0
995000,1515231580,5064197755,0
996000,1508444340,5400653090,0
997000,1496590290,5098793725,0
998000,1523715175,5049385320,0
999000,1517423855,5093057635,0
1000000,1530109520,5154669630,0
